{
  "dependencies": [],
  "tasks": {},
  "rewards": {},
  "display": {
    "subtitle": {
      "text": ""
    },
    "description": [],
    "groups": {
      "Main": {
        "position": [
          -283,
          -7
        ]
      }
    },
    "icon": {
      "item": {
        "id": "minecraft:map",
        "count": 1
      },
      "type": "heracles:item"
    },
    "icon_background": "heracles:textures/gui/quest_backgrounds/default.png",
    "title": {
      "translate": "the start"
    }
  },
  "settings": {
    "showDependencyArrow": true,
    "repeatable": false,
    "autoClaimRewards": false,
    "individual_progress": false,
    "hidden": "LOCKED",
    "unlockNotification": false
  }
}